{"assets/Images/AppIcon.png":["assets/Images/AppIcon.png"],"assets/Images/andriod.png":["assets/Images/andriod.png"],"assets/Images/appStore.png":["assets/Images/appStore.png"],"assets/Images/authBottomRightCut.png":["assets/Images/authBottomRightCut.png"],"assets/Images/authTopLeftCut.png":["assets/Images/authTopLeftCut.png"],"assets/Images/btc.png":["assets/Images/btc.png"],"assets/Images/coinExcha.png":["assets/Images/coinExcha.png"],"assets/Images/coinExcha_full.png":["assets/Images/coinExcha_full.png"],"assets/Images/greenTick.png":["assets/Images/greenTick.png"],"assets/Images/kycPhotoId.png":["assets/Images/kycPhotoId.png"],"assets/Images/logo.webp":["assets/Images/logo.webp"],"assets/Images/macOs.png":["assets/Images/macOs.png"],"assets/crypto_icon/bch.png":["assets/crypto_icon/bch.png"],"assets/crypto_icon/bnb.png":["assets/crypto_icon/bnb.png"],"assets/crypto_icon/btc.png":["assets/crypto_icon/btc.png"],"assets/crypto_icon/eos.png":["assets/crypto_icon/eos.png"],"assets/crypto_icon/eth.png":["assets/crypto_icon/eth.png"],"assets/crypto_icon/ltc.png":["assets/crypto_icon/ltc.png"],"assets/crypto_icon/usdt.png":["assets/crypto_icon/usdt.png"],"assets/crypto_icon/xmr.png":["assets/crypto_icon/xmr.png"],"assets/crypto_icon/xrp.png":["assets/crypto_icon/xrp.png"],"assets/icon/grey/home.png":["assets/icon/grey/home.png"],"assets/icon/grey/portfolio.png":["assets/icon/grey/portfolio.png"],"assets/icon/grey/statistic.png":["assets/icon/grey/statistic.png"],"assets/icon/grey/user.png":["assets/icon/grey/user.png"],"assets/icon/home.png":["assets/icon/home.png"],"assets/icon/market-cap.png":["assets/icon/market-cap.png"],"assets/icon/portfolio.png":["assets/icon/portfolio.png"],"assets/icon/primary-color/home.png":["assets/icon/primary-color/home.png"],"assets/icon/primary-color/portfolio.png":["assets/icon/primary-color/portfolio.png"],"assets/icon/primary-color/statistic.png":["assets/icon/primary-color/statistic.png"],"assets/icon/primary-color/user.png":["assets/icon/primary-color/user.png"],"assets/icon/primary-color/wallet.png":["assets/icon/primary-color/wallet.png"],"assets/icon/rank.png":["assets/icon/rank.png"],"assets/icon/statistic.png":["assets/icon/statistic.png"],"assets/icon/supply.png":["assets/icon/supply.png"],"assets/icon/user.png":["assets/icon/user.png"],"assets/slider/slider.png":["assets/slider/slider.png"],"assets/svg/2fa.svg":["assets/svg/2fa.svg"],"assets/svg/act_mem_icon.svg":["assets/svg/act_mem_icon.svg"],"assets/svg/add_mem_icon.svg":["assets/svg/add_mem_icon.svg"],"assets/svg/address.svg":["assets/svg/address.svg"],"assets/svg/approve_icon.svg":["assets/svg/approve_icon.svg"],"assets/svg/arrow.svg":["assets/svg/arrow.svg"],"assets/svg/business.svg":["assets/svg/business.svg"],"assets/svg/call_me_rqst.svg":["assets/svg/call_me_rqst.svg"],"assets/svg/camera.svg":["assets/svg/camera.svg"],"assets/svg/change_password.svg":["assets/svg/change_password.svg"],"assets/svg/change_pin_password.svg":["assets/svg/change_pin_password.svg"],"assets/svg/check.svg":["assets/svg/check.svg"],"assets/svg/close.svg":["assets/svg/close.svg"],"assets/svg/contacts_address.svg":["assets/svg/contacts_address.svg"],"assets/svg/contacts_call.svg":["assets/svg/contacts_call.svg"],"assets/svg/contacts_customer_care.svg":["assets/svg/contacts_customer_care.svg"],"assets/svg/contacts_mail.svg":["assets/svg/contacts_mail.svg"],"assets/svg/contacts_payment_enq.svg":["assets/svg/contacts_payment_enq.svg"],"assets/svg/contacts_whatsapp.svg":["assets/svg/contacts_whatsapp.svg"],"assets/svg/data_not_found.svg":["assets/svg/data_not_found.svg"],"assets/svg/date_time.svg":["assets/svg/date_time.svg"],"assets/svg/dialog_bank_transfer.svg":["assets/svg/dialog_bank_transfer.svg"],"assets/svg/dialog_crypto.svg":["assets/svg/dialog_crypto.svg"],"assets/svg/dialog_crypto_coin_transfer.svg":["assets/svg/dialog_crypto_coin_transfer.svg"],"assets/svg/dialog_internal_wallet.svg":["assets/svg/dialog_internal_wallet.svg"],"assets/svg/dialog_money_transfer.svg":["assets/svg/dialog_money_transfer.svg"],"assets/svg/dialog_upi_payment.svg":["assets/svg/dialog_upi_payment.svg"],"assets/svg/dialog_wallet_to_wallet.svg":["assets/svg/dialog_wallet_to_wallet.svg"],"assets/svg/error.svg":["assets/svg/error.svg"],"assets/svg/error_exclamation.svg":["assets/svg/error_exclamation.svg"],"assets/svg/facebook.svg":["assets/svg/facebook.svg"],"assets/svg/gift_box.svg":["assets/svg/gift_box.svg"],"assets/svg/google.svg":["assets/svg/google.svg"],"assets/svg/google_auth.svg":["assets/svg/google_auth.svg"],"assets/svg/google_g.svg":["assets/svg/google_g.svg"],"assets/svg/gps.svg":["assets/svg/gps.svg"],"assets/svg/home.svg":["assets/svg/home.svg"],"assets/svg/instagram.svg":["assets/svg/instagram.svg"],"assets/svg/kyc.svg":["assets/svg/kyc.svg"],"assets/svg/line.svg":["assets/svg/line.svg"],"assets/svg/login_bg.svg":["assets/svg/login_bg.svg"],"assets/svg/logo-facebook.svg":["assets/svg/logo-facebook.svg"],"assets/svg/logo-ig.svg":["assets/svg/logo-ig.svg"],"assets/svg/logo-pt.svg":["assets/svg/logo-pt.svg"],"assets/svg/logo-tg.svg":["assets/svg/logo-tg.svg"],"assets/svg/logo-x.svg":["assets/svg/logo-x.svg"],"assets/svg/logo-yt.svg":["assets/svg/logo-yt.svg"],"assets/svg/logo.svg":["assets/svg/logo.svg"],"assets/svg/logo_horizontal.svg":["assets/svg/logo_horizontal.svg"],"assets/svg/logo_horizontal_primary.svg":["assets/svg/logo_horizontal_primary.svg"],"assets/svg/logo_vertical.svg":["assets/svg/logo_vertical.svg"],"assets/svg/logo_vertical_primary.svg":["assets/svg/logo_vertical_primary.svg"],"assets/svg/logout.svg":["assets/svg/logout.svg"],"assets/svg/newsSide.svg":["assets/svg/newsSide.svg"],"assets/svg/note.svg":["assets/svg/note.svg"],"assets/svg/notification.svg":["assets/svg/notification.svg"],"assets/svg/notification_red.svg":["assets/svg/notification_red.svg"],"assets/svg/pending_icon.svg":["assets/svg/pending_icon.svg"],"assets/svg/photo.svg":["assets/svg/photo.svg"],"assets/svg/portfolio.svg":["assets/svg/portfolio.svg"],"assets/svg/profile_card_bg.svg":["assets/svg/profile_card_bg.svg"],"assets/svg/qr_code_area.svg":["assets/svg/qr_code_area.svg"],"assets/svg/recent_pin_activity.svg":["assets/svg/recent_pin_activity.svg"],"assets/svg/refer_earn.svg":["assets/svg/refer_earn.svg"],"assets/svg/referral.svg":["assets/svg/referral.svg"],"assets/svg/referral_bg.svg":["assets/svg/referral_bg.svg"],"assets/svg/reject_icon.svg":["assets/svg/reject_icon.svg"],"assets/svg/share.svg":["assets/svg/share.svg"],"assets/svg/signup_bg.svg":["assets/svg/signup_bg.svg"],"assets/svg/statistic.svg":["assets/svg/statistic.svg"],"assets/svg/support.svg":["assets/svg/support.svg"],"assets/svg/swap.svg":["assets/svg/swap.svg"],"assets/svg/team.svg":["assets/svg/team.svg"],"assets/svg/telegram.svg":["assets/svg/telegram.svg"],"assets/svg/twitter.svg":["assets/svg/twitter.svg"],"assets/svg/unverify.svg":["assets/svg/unverify.svg"],"assets/svg/update_profile.svg":["assets/svg/update_profile.svg"],"assets/svg/user.svg":["assets/svg/user.svg"],"assets/svg/user_pic.svg":["assets/svg/user_pic.svg"],"assets/svg/verify.svg":["assets/svg/verify.svg"],"assets/svg/wallet.svg":["assets/svg/wallet.svg"],"assets/svg/website.svg":["assets/svg/website.svg"],"assets/svg/whatsapp.svg":["assets/svg/whatsapp.svg"],"assets/svg/wifi_error.svg":["assets/svg/wifi_error.svg"],"assets/svg/withdrawal_crypto.svg":["assets/svg/withdrawal_crypto.svg"],"assets/svg/withdrawal_wallet.svg":["assets/svg/withdrawal_wallet.svg"],"assets/user/user_1.jpg":["assets/user/user_1.jpg"],"assets/user/user_10.jpg":["assets/user/user_10.jpg"],"assets/user/user_11.jpg":["assets/user/user_11.jpg"],"assets/user/user_12.jpg":["assets/user/user_12.jpg"],"assets/user/user_13.jpg":["assets/user/user_13.jpg"],"assets/user/user_14.jpg":["assets/user/user_14.jpg"],"assets/user/user_15.jpg":["assets/user/user_15.jpg"],"assets/user/user_2.jpg":["assets/user/user_2.jpg"],"assets/user/user_3.jpg":["assets/user/user_3.jpg"],"assets/user/user_4.jpg":["assets/user/user_4.jpg"],"assets/user/user_5.jpg":["assets/user/user_5.jpg"],"assets/user/user_6.jpg":["assets/user/user_6.jpg"],"assets/user/user_7.jpg":["assets/user/user_7.jpg"],"assets/user/user_8.jpg":["assets/user/user_8.jpg"],"assets/user/user_9.jpg":["assets/user/user_9.jpg"],"fonts/montserrat/Montserrat-Bold.ttf":["fonts/montserrat/Montserrat-Bold.ttf"],"fonts/montserrat/Montserrat-Light.ttf":["fonts/montserrat/Montserrat-Light.ttf"],"fonts/montserrat/Montserrat-Medium.ttf":["fonts/montserrat/Montserrat-Medium.ttf"],"fonts/montserrat/Montserrat-Regular.ttf":["fonts/montserrat/Montserrat-Regular.ttf"],"fonts/montserrat/Montserrat-SemiBold.ttf":["fonts/montserrat/Montserrat-SemiBold.ttf"],"fonts/poppinsbold.ttf":["fonts/poppinsbold.ttf"],"fonts/poppinsextrabold.ttf":["fonts/poppinsextrabold.ttf"],"fonts/poppinslight.ttf":["fonts/poppinslight.ttf"],"fonts/poppinsmedium.ttf":["fonts/poppinsmedium.ttf"],"fonts/poppinsregular.ttf":["fonts/poppinsregular.ttf"],"fonts/poppinssemibold.ttf":["fonts/poppinssemibold.ttf"],"fonts/poppinsthin.ttf":["fonts/poppinsthin.ttf"],"packages/cupertino_icons/assets/CupertinoIcons.ttf":["packages/cupertino_icons/assets/CupertinoIcons.ttf"],"packages/fluttertoast/assets/toastify.css":["packages/fluttertoast/assets/toastify.css"],"packages/fluttertoast/assets/toastify.js":["packages/fluttertoast/assets/toastify.js"],"packages/intl_phone_field/assets/flags/ad.png":["packages/intl_phone_field/assets/flags/ad.png"],"packages/intl_phone_field/assets/flags/ae.png":["packages/intl_phone_field/assets/flags/ae.png"],"packages/intl_phone_field/assets/flags/af.png":["packages/intl_phone_field/assets/flags/af.png"],"packages/intl_phone_field/assets/flags/ag.png":["packages/intl_phone_field/assets/flags/ag.png"],"packages/intl_phone_field/assets/flags/ai.png":["packages/intl_phone_field/assets/flags/ai.png"],"packages/intl_phone_field/assets/flags/al.png":["packages/intl_phone_field/assets/flags/al.png"],"packages/intl_phone_field/assets/flags/am.png":["packages/intl_phone_field/assets/flags/am.png"],"packages/intl_phone_field/assets/flags/an.png":["packages/intl_phone_field/assets/flags/an.png"],"packages/intl_phone_field/assets/flags/ao.png":["packages/intl_phone_field/assets/flags/ao.png"],"packages/intl_phone_field/assets/flags/aq.png":["packages/intl_phone_field/assets/flags/aq.png"],"packages/intl_phone_field/assets/flags/ar.png":["packages/intl_phone_field/assets/flags/ar.png"],"packages/intl_phone_field/assets/flags/as.png":["packages/intl_phone_field/assets/flags/as.png"],"packages/intl_phone_field/assets/flags/at.png":["packages/intl_phone_field/assets/flags/at.png"],"packages/intl_phone_field/assets/flags/au.png":["packages/intl_phone_field/assets/flags/au.png"],"packages/intl_phone_field/assets/flags/aw.png":["packages/intl_phone_field/assets/flags/aw.png"],"packages/intl_phone_field/assets/flags/ax.png":["packages/intl_phone_field/assets/flags/ax.png"],"packages/intl_phone_field/assets/flags/az.png":["packages/intl_phone_field/assets/flags/az.png"],"packages/intl_phone_field/assets/flags/ba.png":["packages/intl_phone_field/assets/flags/ba.png"],"packages/intl_phone_field/assets/flags/bb.png":["packages/intl_phone_field/assets/flags/bb.png"],"packages/intl_phone_field/assets/flags/bd.png":["packages/intl_phone_field/assets/flags/bd.png"],"packages/intl_phone_field/assets/flags/be.png":["packages/intl_phone_field/assets/flags/be.png"],"packages/intl_phone_field/assets/flags/bf.png":["packages/intl_phone_field/assets/flags/bf.png"],"packages/intl_phone_field/assets/flags/bg.png":["packages/intl_phone_field/assets/flags/bg.png"],"packages/intl_phone_field/assets/flags/bh.png":["packages/intl_phone_field/assets/flags/bh.png"],"packages/intl_phone_field/assets/flags/bi.png":["packages/intl_phone_field/assets/flags/bi.png"],"packages/intl_phone_field/assets/flags/bj.png":["packages/intl_phone_field/assets/flags/bj.png"],"packages/intl_phone_field/assets/flags/bl.png":["packages/intl_phone_field/assets/flags/bl.png"],"packages/intl_phone_field/assets/flags/bm.png":["packages/intl_phone_field/assets/flags/bm.png"],"packages/intl_phone_field/assets/flags/bn.png":["packages/intl_phone_field/assets/flags/bn.png"],"packages/intl_phone_field/assets/flags/bo.png":["packages/intl_phone_field/assets/flags/bo.png"],"packages/intl_phone_field/assets/flags/bq.png":["packages/intl_phone_field/assets/flags/bq.png"],"packages/intl_phone_field/assets/flags/br.png":["packages/intl_phone_field/assets/flags/br.png"],"packages/intl_phone_field/assets/flags/bs.png":["packages/intl_phone_field/assets/flags/bs.png"],"packages/intl_phone_field/assets/flags/bt.png":["packages/intl_phone_field/assets/flags/bt.png"],"packages/intl_phone_field/assets/flags/bv.png":["packages/intl_phone_field/assets/flags/bv.png"],"packages/intl_phone_field/assets/flags/bw.png":["packages/intl_phone_field/assets/flags/bw.png"],"packages/intl_phone_field/assets/flags/by.png":["packages/intl_phone_field/assets/flags/by.png"],"packages/intl_phone_field/assets/flags/bz.png":["packages/intl_phone_field/assets/flags/bz.png"],"packages/intl_phone_field/assets/flags/ca.png":["packages/intl_phone_field/assets/flags/ca.png"],"packages/intl_phone_field/assets/flags/cc.png":["packages/intl_phone_field/assets/flags/cc.png"],"packages/intl_phone_field/assets/flags/cd.png":["packages/intl_phone_field/assets/flags/cd.png"],"packages/intl_phone_field/assets/flags/cf.png":["packages/intl_phone_field/assets/flags/cf.png"],"packages/intl_phone_field/assets/flags/cg.png":["packages/intl_phone_field/assets/flags/cg.png"],"packages/intl_phone_field/assets/flags/ch.png":["packages/intl_phone_field/assets/flags/ch.png"],"packages/intl_phone_field/assets/flags/ci.png":["packages/intl_phone_field/assets/flags/ci.png"],"packages/intl_phone_field/assets/flags/ck.png":["packages/intl_phone_field/assets/flags/ck.png"],"packages/intl_phone_field/assets/flags/cl.png":["packages/intl_phone_field/assets/flags/cl.png"],"packages/intl_phone_field/assets/flags/cm.png":["packages/intl_phone_field/assets/flags/cm.png"],"packages/intl_phone_field/assets/flags/cn.png":["packages/intl_phone_field/assets/flags/cn.png"],"packages/intl_phone_field/assets/flags/co.png":["packages/intl_phone_field/assets/flags/co.png"],"packages/intl_phone_field/assets/flags/cr.png":["packages/intl_phone_field/assets/flags/cr.png"],"packages/intl_phone_field/assets/flags/cu.png":["packages/intl_phone_field/assets/flags/cu.png"],"packages/intl_phone_field/assets/flags/cv.png":["packages/intl_phone_field/assets/flags/cv.png"],"packages/intl_phone_field/assets/flags/cw.png":["packages/intl_phone_field/assets/flags/cw.png"],"packages/intl_phone_field/assets/flags/cx.png":["packages/intl_phone_field/assets/flags/cx.png"],"packages/intl_phone_field/assets/flags/cy.png":["packages/intl_phone_field/assets/flags/cy.png"],"packages/intl_phone_field/assets/flags/cz.png":["packages/intl_phone_field/assets/flags/cz.png"],"packages/intl_phone_field/assets/flags/de.png":["packages/intl_phone_field/assets/flags/de.png"],"packages/intl_phone_field/assets/flags/dj.png":["packages/intl_phone_field/assets/flags/dj.png"],"packages/intl_phone_field/assets/flags/dk.png":["packages/intl_phone_field/assets/flags/dk.png"],"packages/intl_phone_field/assets/flags/dm.png":["packages/intl_phone_field/assets/flags/dm.png"],"packages/intl_phone_field/assets/flags/do.png":["packages/intl_phone_field/assets/flags/do.png"],"packages/intl_phone_field/assets/flags/dz.png":["packages/intl_phone_field/assets/flags/dz.png"],"packages/intl_phone_field/assets/flags/ec.png":["packages/intl_phone_field/assets/flags/ec.png"],"packages/intl_phone_field/assets/flags/ee.png":["packages/intl_phone_field/assets/flags/ee.png"],"packages/intl_phone_field/assets/flags/eg.png":["packages/intl_phone_field/assets/flags/eg.png"],"packages/intl_phone_field/assets/flags/eh.png":["packages/intl_phone_field/assets/flags/eh.png"],"packages/intl_phone_field/assets/flags/er.png":["packages/intl_phone_field/assets/flags/er.png"],"packages/intl_phone_field/assets/flags/es.png":["packages/intl_phone_field/assets/flags/es.png"],"packages/intl_phone_field/assets/flags/et.png":["packages/intl_phone_field/assets/flags/et.png"],"packages/intl_phone_field/assets/flags/eu.png":["packages/intl_phone_field/assets/flags/eu.png"],"packages/intl_phone_field/assets/flags/fi.png":["packages/intl_phone_field/assets/flags/fi.png"],"packages/intl_phone_field/assets/flags/fj.png":["packages/intl_phone_field/assets/flags/fj.png"],"packages/intl_phone_field/assets/flags/fk.png":["packages/intl_phone_field/assets/flags/fk.png"],"packages/intl_phone_field/assets/flags/fm.png":["packages/intl_phone_field/assets/flags/fm.png"],"packages/intl_phone_field/assets/flags/fo.png":["packages/intl_phone_field/assets/flags/fo.png"],"packages/intl_phone_field/assets/flags/fr.png":["packages/intl_phone_field/assets/flags/fr.png"],"packages/intl_phone_field/assets/flags/ga.png":["packages/intl_phone_field/assets/flags/ga.png"],"packages/intl_phone_field/assets/flags/gb-eng.png":["packages/intl_phone_field/assets/flags/gb-eng.png"],"packages/intl_phone_field/assets/flags/gb-nir.png":["packages/intl_phone_field/assets/flags/gb-nir.png"],"packages/intl_phone_field/assets/flags/gb-sct.png":["packages/intl_phone_field/assets/flags/gb-sct.png"],"packages/intl_phone_field/assets/flags/gb-wls.png":["packages/intl_phone_field/assets/flags/gb-wls.png"],"packages/intl_phone_field/assets/flags/gb.png":["packages/intl_phone_field/assets/flags/gb.png"],"packages/intl_phone_field/assets/flags/gd.png":["packages/intl_phone_field/assets/flags/gd.png"],"packages/intl_phone_field/assets/flags/ge.png":["packages/intl_phone_field/assets/flags/ge.png"],"packages/intl_phone_field/assets/flags/gf.png":["packages/intl_phone_field/assets/flags/gf.png"],"packages/intl_phone_field/assets/flags/gg.png":["packages/intl_phone_field/assets/flags/gg.png"],"packages/intl_phone_field/assets/flags/gh.png":["packages/intl_phone_field/assets/flags/gh.png"],"packages/intl_phone_field/assets/flags/gi.png":["packages/intl_phone_field/assets/flags/gi.png"],"packages/intl_phone_field/assets/flags/gl.png":["packages/intl_phone_field/assets/flags/gl.png"],"packages/intl_phone_field/assets/flags/gm.png":["packages/intl_phone_field/assets/flags/gm.png"],"packages/intl_phone_field/assets/flags/gn.png":["packages/intl_phone_field/assets/flags/gn.png"],"packages/intl_phone_field/assets/flags/gp.png":["packages/intl_phone_field/assets/flags/gp.png"],"packages/intl_phone_field/assets/flags/gq.png":["packages/intl_phone_field/assets/flags/gq.png"],"packages/intl_phone_field/assets/flags/gr.png":["packages/intl_phone_field/assets/flags/gr.png"],"packages/intl_phone_field/assets/flags/gs.png":["packages/intl_phone_field/assets/flags/gs.png"],"packages/intl_phone_field/assets/flags/gt.png":["packages/intl_phone_field/assets/flags/gt.png"],"packages/intl_phone_field/assets/flags/gu.png":["packages/intl_phone_field/assets/flags/gu.png"],"packages/intl_phone_field/assets/flags/gw.png":["packages/intl_phone_field/assets/flags/gw.png"],"packages/intl_phone_field/assets/flags/gy.png":["packages/intl_phone_field/assets/flags/gy.png"],"packages/intl_phone_field/assets/flags/hk.png":["packages/intl_phone_field/assets/flags/hk.png"],"packages/intl_phone_field/assets/flags/hm.png":["packages/intl_phone_field/assets/flags/hm.png"],"packages/intl_phone_field/assets/flags/hn.png":["packages/intl_phone_field/assets/flags/hn.png"],"packages/intl_phone_field/assets/flags/hr.png":["packages/intl_phone_field/assets/flags/hr.png"],"packages/intl_phone_field/assets/flags/ht.png":["packages/intl_phone_field/assets/flags/ht.png"],"packages/intl_phone_field/assets/flags/hu.png":["packages/intl_phone_field/assets/flags/hu.png"],"packages/intl_phone_field/assets/flags/id.png":["packages/intl_phone_field/assets/flags/id.png"],"packages/intl_phone_field/assets/flags/ie.png":["packages/intl_phone_field/assets/flags/ie.png"],"packages/intl_phone_field/assets/flags/il.png":["packages/intl_phone_field/assets/flags/il.png"],"packages/intl_phone_field/assets/flags/im.png":["packages/intl_phone_field/assets/flags/im.png"],"packages/intl_phone_field/assets/flags/in.png":["packages/intl_phone_field/assets/flags/in.png"],"packages/intl_phone_field/assets/flags/io.png":["packages/intl_phone_field/assets/flags/io.png"],"packages/intl_phone_field/assets/flags/iq.png":["packages/intl_phone_field/assets/flags/iq.png"],"packages/intl_phone_field/assets/flags/ir.png":["packages/intl_phone_field/assets/flags/ir.png"],"packages/intl_phone_field/assets/flags/is.png":["packages/intl_phone_field/assets/flags/is.png"],"packages/intl_phone_field/assets/flags/it.png":["packages/intl_phone_field/assets/flags/it.png"],"packages/intl_phone_field/assets/flags/je.png":["packages/intl_phone_field/assets/flags/je.png"],"packages/intl_phone_field/assets/flags/jm.png":["packages/intl_phone_field/assets/flags/jm.png"],"packages/intl_phone_field/assets/flags/jo.png":["packages/intl_phone_field/assets/flags/jo.png"],"packages/intl_phone_field/assets/flags/jp.png":["packages/intl_phone_field/assets/flags/jp.png"],"packages/intl_phone_field/assets/flags/ke.png":["packages/intl_phone_field/assets/flags/ke.png"],"packages/intl_phone_field/assets/flags/kg.png":["packages/intl_phone_field/assets/flags/kg.png"],"packages/intl_phone_field/assets/flags/kh.png":["packages/intl_phone_field/assets/flags/kh.png"],"packages/intl_phone_field/assets/flags/ki.png":["packages/intl_phone_field/assets/flags/ki.png"],"packages/intl_phone_field/assets/flags/km.png":["packages/intl_phone_field/assets/flags/km.png"],"packages/intl_phone_field/assets/flags/kn.png":["packages/intl_phone_field/assets/flags/kn.png"],"packages/intl_phone_field/assets/flags/kp.png":["packages/intl_phone_field/assets/flags/kp.png"],"packages/intl_phone_field/assets/flags/kr.png":["packages/intl_phone_field/assets/flags/kr.png"],"packages/intl_phone_field/assets/flags/kw.png":["packages/intl_phone_field/assets/flags/kw.png"],"packages/intl_phone_field/assets/flags/ky.png":["packages/intl_phone_field/assets/flags/ky.png"],"packages/intl_phone_field/assets/flags/kz.png":["packages/intl_phone_field/assets/flags/kz.png"],"packages/intl_phone_field/assets/flags/la.png":["packages/intl_phone_field/assets/flags/la.png"],"packages/intl_phone_field/assets/flags/lb.png":["packages/intl_phone_field/assets/flags/lb.png"],"packages/intl_phone_field/assets/flags/lc.png":["packages/intl_phone_field/assets/flags/lc.png"],"packages/intl_phone_field/assets/flags/li.png":["packages/intl_phone_field/assets/flags/li.png"],"packages/intl_phone_field/assets/flags/lk.png":["packages/intl_phone_field/assets/flags/lk.png"],"packages/intl_phone_field/assets/flags/lr.png":["packages/intl_phone_field/assets/flags/lr.png"],"packages/intl_phone_field/assets/flags/ls.png":["packages/intl_phone_field/assets/flags/ls.png"],"packages/intl_phone_field/assets/flags/lt.png":["packages/intl_phone_field/assets/flags/lt.png"],"packages/intl_phone_field/assets/flags/lu.png":["packages/intl_phone_field/assets/flags/lu.png"],"packages/intl_phone_field/assets/flags/lv.png":["packages/intl_phone_field/assets/flags/lv.png"],"packages/intl_phone_field/assets/flags/ly.png":["packages/intl_phone_field/assets/flags/ly.png"],"packages/intl_phone_field/assets/flags/ma.png":["packages/intl_phone_field/assets/flags/ma.png"],"packages/intl_phone_field/assets/flags/mc.png":["packages/intl_phone_field/assets/flags/mc.png"],"packages/intl_phone_field/assets/flags/md.png":["packages/intl_phone_field/assets/flags/md.png"],"packages/intl_phone_field/assets/flags/me.png":["packages/intl_phone_field/assets/flags/me.png"],"packages/intl_phone_field/assets/flags/mf.png":["packages/intl_phone_field/assets/flags/mf.png"],"packages/intl_phone_field/assets/flags/mg.png":["packages/intl_phone_field/assets/flags/mg.png"],"packages/intl_phone_field/assets/flags/mh.png":["packages/intl_phone_field/assets/flags/mh.png"],"packages/intl_phone_field/assets/flags/mk.png":["packages/intl_phone_field/assets/flags/mk.png"],"packages/intl_phone_field/assets/flags/ml.png":["packages/intl_phone_field/assets/flags/ml.png"],"packages/intl_phone_field/assets/flags/mm.png":["packages/intl_phone_field/assets/flags/mm.png"],"packages/intl_phone_field/assets/flags/mn.png":["packages/intl_phone_field/assets/flags/mn.png"],"packages/intl_phone_field/assets/flags/mo.png":["packages/intl_phone_field/assets/flags/mo.png"],"packages/intl_phone_field/assets/flags/mp.png":["packages/intl_phone_field/assets/flags/mp.png"],"packages/intl_phone_field/assets/flags/mq.png":["packages/intl_phone_field/assets/flags/mq.png"],"packages/intl_phone_field/assets/flags/mr.png":["packages/intl_phone_field/assets/flags/mr.png"],"packages/intl_phone_field/assets/flags/ms.png":["packages/intl_phone_field/assets/flags/ms.png"],"packages/intl_phone_field/assets/flags/mt.png":["packages/intl_phone_field/assets/flags/mt.png"],"packages/intl_phone_field/assets/flags/mu.png":["packages/intl_phone_field/assets/flags/mu.png"],"packages/intl_phone_field/assets/flags/mv.png":["packages/intl_phone_field/assets/flags/mv.png"],"packages/intl_phone_field/assets/flags/mw.png":["packages/intl_phone_field/assets/flags/mw.png"],"packages/intl_phone_field/assets/flags/mx.png":["packages/intl_phone_field/assets/flags/mx.png"],"packages/intl_phone_field/assets/flags/my.png":["packages/intl_phone_field/assets/flags/my.png"],"packages/intl_phone_field/assets/flags/mz.png":["packages/intl_phone_field/assets/flags/mz.png"],"packages/intl_phone_field/assets/flags/na.png":["packages/intl_phone_field/assets/flags/na.png"],"packages/intl_phone_field/assets/flags/nc.png":["packages/intl_phone_field/assets/flags/nc.png"],"packages/intl_phone_field/assets/flags/ne.png":["packages/intl_phone_field/assets/flags/ne.png"],"packages/intl_phone_field/assets/flags/nf.png":["packages/intl_phone_field/assets/flags/nf.png"],"packages/intl_phone_field/assets/flags/ng.png":["packages/intl_phone_field/assets/flags/ng.png"],"packages/intl_phone_field/assets/flags/ni.png":["packages/intl_phone_field/assets/flags/ni.png"],"packages/intl_phone_field/assets/flags/nl.png":["packages/intl_phone_field/assets/flags/nl.png"],"packages/intl_phone_field/assets/flags/no.png":["packages/intl_phone_field/assets/flags/no.png"],"packages/intl_phone_field/assets/flags/np.png":["packages/intl_phone_field/assets/flags/np.png"],"packages/intl_phone_field/assets/flags/nr.png":["packages/intl_phone_field/assets/flags/nr.png"],"packages/intl_phone_field/assets/flags/nu.png":["packages/intl_phone_field/assets/flags/nu.png"],"packages/intl_phone_field/assets/flags/nz.png":["packages/intl_phone_field/assets/flags/nz.png"],"packages/intl_phone_field/assets/flags/om.png":["packages/intl_phone_field/assets/flags/om.png"],"packages/intl_phone_field/assets/flags/pa.png":["packages/intl_phone_field/assets/flags/pa.png"],"packages/intl_phone_field/assets/flags/pe.png":["packages/intl_phone_field/assets/flags/pe.png"],"packages/intl_phone_field/assets/flags/pf.png":["packages/intl_phone_field/assets/flags/pf.png"],"packages/intl_phone_field/assets/flags/pg.png":["packages/intl_phone_field/assets/flags/pg.png"],"packages/intl_phone_field/assets/flags/ph.png":["packages/intl_phone_field/assets/flags/ph.png"],"packages/intl_phone_field/assets/flags/pk.png":["packages/intl_phone_field/assets/flags/pk.png"],"packages/intl_phone_field/assets/flags/pl.png":["packages/intl_phone_field/assets/flags/pl.png"],"packages/intl_phone_field/assets/flags/pm.png":["packages/intl_phone_field/assets/flags/pm.png"],"packages/intl_phone_field/assets/flags/pn.png":["packages/intl_phone_field/assets/flags/pn.png"],"packages/intl_phone_field/assets/flags/pr.png":["packages/intl_phone_field/assets/flags/pr.png"],"packages/intl_phone_field/assets/flags/ps.png":["packages/intl_phone_field/assets/flags/ps.png"],"packages/intl_phone_field/assets/flags/pt.png":["packages/intl_phone_field/assets/flags/pt.png"],"packages/intl_phone_field/assets/flags/pw.png":["packages/intl_phone_field/assets/flags/pw.png"],"packages/intl_phone_field/assets/flags/py.png":["packages/intl_phone_field/assets/flags/py.png"],"packages/intl_phone_field/assets/flags/qa.png":["packages/intl_phone_field/assets/flags/qa.png"],"packages/intl_phone_field/assets/flags/re.png":["packages/intl_phone_field/assets/flags/re.png"],"packages/intl_phone_field/assets/flags/ro.png":["packages/intl_phone_field/assets/flags/ro.png"],"packages/intl_phone_field/assets/flags/rs.png":["packages/intl_phone_field/assets/flags/rs.png"],"packages/intl_phone_field/assets/flags/ru.png":["packages/intl_phone_field/assets/flags/ru.png"],"packages/intl_phone_field/assets/flags/rw.png":["packages/intl_phone_field/assets/flags/rw.png"],"packages/intl_phone_field/assets/flags/sa.png":["packages/intl_phone_field/assets/flags/sa.png"],"packages/intl_phone_field/assets/flags/sb.png":["packages/intl_phone_field/assets/flags/sb.png"],"packages/intl_phone_field/assets/flags/sc.png":["packages/intl_phone_field/assets/flags/sc.png"],"packages/intl_phone_field/assets/flags/sd.png":["packages/intl_phone_field/assets/flags/sd.png"],"packages/intl_phone_field/assets/flags/se.png":["packages/intl_phone_field/assets/flags/se.png"],"packages/intl_phone_field/assets/flags/sg.png":["packages/intl_phone_field/assets/flags/sg.png"],"packages/intl_phone_field/assets/flags/sh.png":["packages/intl_phone_field/assets/flags/sh.png"],"packages/intl_phone_field/assets/flags/si.png":["packages/intl_phone_field/assets/flags/si.png"],"packages/intl_phone_field/assets/flags/sj.png":["packages/intl_phone_field/assets/flags/sj.png"],"packages/intl_phone_field/assets/flags/sk.png":["packages/intl_phone_field/assets/flags/sk.png"],"packages/intl_phone_field/assets/flags/sl.png":["packages/intl_phone_field/assets/flags/sl.png"],"packages/intl_phone_field/assets/flags/sm.png":["packages/intl_phone_field/assets/flags/sm.png"],"packages/intl_phone_field/assets/flags/sn.png":["packages/intl_phone_field/assets/flags/sn.png"],"packages/intl_phone_field/assets/flags/so.png":["packages/intl_phone_field/assets/flags/so.png"],"packages/intl_phone_field/assets/flags/sr.png":["packages/intl_phone_field/assets/flags/sr.png"],"packages/intl_phone_field/assets/flags/ss.png":["packages/intl_phone_field/assets/flags/ss.png"],"packages/intl_phone_field/assets/flags/st.png":["packages/intl_phone_field/assets/flags/st.png"],"packages/intl_phone_field/assets/flags/sv.png":["packages/intl_phone_field/assets/flags/sv.png"],"packages/intl_phone_field/assets/flags/sx.png":["packages/intl_phone_field/assets/flags/sx.png"],"packages/intl_phone_field/assets/flags/sy.png":["packages/intl_phone_field/assets/flags/sy.png"],"packages/intl_phone_field/assets/flags/sz.png":["packages/intl_phone_field/assets/flags/sz.png"],"packages/intl_phone_field/assets/flags/tc.png":["packages/intl_phone_field/assets/flags/tc.png"],"packages/intl_phone_field/assets/flags/td.png":["packages/intl_phone_field/assets/flags/td.png"],"packages/intl_phone_field/assets/flags/tf.png":["packages/intl_phone_field/assets/flags/tf.png"],"packages/intl_phone_field/assets/flags/tg.png":["packages/intl_phone_field/assets/flags/tg.png"],"packages/intl_phone_field/assets/flags/th.png":["packages/intl_phone_field/assets/flags/th.png"],"packages/intl_phone_field/assets/flags/tj.png":["packages/intl_phone_field/assets/flags/tj.png"],"packages/intl_phone_field/assets/flags/tk.png":["packages/intl_phone_field/assets/flags/tk.png"],"packages/intl_phone_field/assets/flags/tl.png":["packages/intl_phone_field/assets/flags/tl.png"],"packages/intl_phone_field/assets/flags/tm.png":["packages/intl_phone_field/assets/flags/tm.png"],"packages/intl_phone_field/assets/flags/tn.png":["packages/intl_phone_field/assets/flags/tn.png"],"packages/intl_phone_field/assets/flags/to.png":["packages/intl_phone_field/assets/flags/to.png"],"packages/intl_phone_field/assets/flags/tr.png":["packages/intl_phone_field/assets/flags/tr.png"],"packages/intl_phone_field/assets/flags/tt.png":["packages/intl_phone_field/assets/flags/tt.png"],"packages/intl_phone_field/assets/flags/tv.png":["packages/intl_phone_field/assets/flags/tv.png"],"packages/intl_phone_field/assets/flags/tw.png":["packages/intl_phone_field/assets/flags/tw.png"],"packages/intl_phone_field/assets/flags/tz.png":["packages/intl_phone_field/assets/flags/tz.png"],"packages/intl_phone_field/assets/flags/ua.png":["packages/intl_phone_field/assets/flags/ua.png"],"packages/intl_phone_field/assets/flags/ug.png":["packages/intl_phone_field/assets/flags/ug.png"],"packages/intl_phone_field/assets/flags/um.png":["packages/intl_phone_field/assets/flags/um.png"],"packages/intl_phone_field/assets/flags/us.png":["packages/intl_phone_field/assets/flags/us.png"],"packages/intl_phone_field/assets/flags/uy.png":["packages/intl_phone_field/assets/flags/uy.png"],"packages/intl_phone_field/assets/flags/uz.png":["packages/intl_phone_field/assets/flags/uz.png"],"packages/intl_phone_field/assets/flags/va.png":["packages/intl_phone_field/assets/flags/va.png"],"packages/intl_phone_field/assets/flags/vc.png":["packages/intl_phone_field/assets/flags/vc.png"],"packages/intl_phone_field/assets/flags/ve.png":["packages/intl_phone_field/assets/flags/ve.png"],"packages/intl_phone_field/assets/flags/vg.png":["packages/intl_phone_field/assets/flags/vg.png"],"packages/intl_phone_field/assets/flags/vi.png":["packages/intl_phone_field/assets/flags/vi.png"],"packages/intl_phone_field/assets/flags/vn.png":["packages/intl_phone_field/assets/flags/vn.png"],"packages/intl_phone_field/assets/flags/vu.png":["packages/intl_phone_field/assets/flags/vu.png"],"packages/intl_phone_field/assets/flags/wf.png":["packages/intl_phone_field/assets/flags/wf.png"],"packages/intl_phone_field/assets/flags/ws.png":["packages/intl_phone_field/assets/flags/ws.png"],"packages/intl_phone_field/assets/flags/xk.png":["packages/intl_phone_field/assets/flags/xk.png"],"packages/intl_phone_field/assets/flags/ye.png":["packages/intl_phone_field/assets/flags/ye.png"],"packages/intl_phone_field/assets/flags/yt.png":["packages/intl_phone_field/assets/flags/yt.png"],"packages/intl_phone_field/assets/flags/za.png":["packages/intl_phone_field/assets/flags/za.png"],"packages/intl_phone_field/assets/flags/zm.png":["packages/intl_phone_field/assets/flags/zm.png"],"packages/intl_phone_field/assets/flags/zw.png":["packages/intl_phone_field/assets/flags/zw.png"],"packages/intl_phone_number_input/assets/flags/ad.png":["packages/intl_phone_number_input/assets/flags/ad.png"],"packages/intl_phone_number_input/assets/flags/ae.png":["packages/intl_phone_number_input/assets/flags/ae.png"],"packages/intl_phone_number_input/assets/flags/af.png":["packages/intl_phone_number_input/assets/flags/af.png"],"packages/intl_phone_number_input/assets/flags/ag.png":["packages/intl_phone_number_input/assets/flags/ag.png"],"packages/intl_phone_number_input/assets/flags/ai.png":["packages/intl_phone_number_input/assets/flags/ai.png"],"packages/intl_phone_number_input/assets/flags/al.png":["packages/intl_phone_number_input/assets/flags/al.png"],"packages/intl_phone_number_input/assets/flags/am.png":["packages/intl_phone_number_input/assets/flags/am.png"],"packages/intl_phone_number_input/assets/flags/an.png":["packages/intl_phone_number_input/assets/flags/an.png"],"packages/intl_phone_number_input/assets/flags/ao.png":["packages/intl_phone_number_input/assets/flags/ao.png"],"packages/intl_phone_number_input/assets/flags/aq.png":["packages/intl_phone_number_input/assets/flags/aq.png"],"packages/intl_phone_number_input/assets/flags/ar.png":["packages/intl_phone_number_input/assets/flags/ar.png"],"packages/intl_phone_number_input/assets/flags/as.png":["packages/intl_phone_number_input/assets/flags/as.png"],"packages/intl_phone_number_input/assets/flags/at.png":["packages/intl_phone_number_input/assets/flags/at.png"],"packages/intl_phone_number_input/assets/flags/au.png":["packages/intl_phone_number_input/assets/flags/au.png"],"packages/intl_phone_number_input/assets/flags/aw.png":["packages/intl_phone_number_input/assets/flags/aw.png"],"packages/intl_phone_number_input/assets/flags/ax.png":["packages/intl_phone_number_input/assets/flags/ax.png"],"packages/intl_phone_number_input/assets/flags/az.png":["packages/intl_phone_number_input/assets/flags/az.png"],"packages/intl_phone_number_input/assets/flags/ba.png":["packages/intl_phone_number_input/assets/flags/ba.png"],"packages/intl_phone_number_input/assets/flags/bb.png":["packages/intl_phone_number_input/assets/flags/bb.png"],"packages/intl_phone_number_input/assets/flags/bd.png":["packages/intl_phone_number_input/assets/flags/bd.png"],"packages/intl_phone_number_input/assets/flags/be.png":["packages/intl_phone_number_input/assets/flags/be.png"],"packages/intl_phone_number_input/assets/flags/bf.png":["packages/intl_phone_number_input/assets/flags/bf.png"],"packages/intl_phone_number_input/assets/flags/bg.png":["packages/intl_phone_number_input/assets/flags/bg.png"],"packages/intl_phone_number_input/assets/flags/bh.png":["packages/intl_phone_number_input/assets/flags/bh.png"],"packages/intl_phone_number_input/assets/flags/bi.png":["packages/intl_phone_number_input/assets/flags/bi.png"],"packages/intl_phone_number_input/assets/flags/bj.png":["packages/intl_phone_number_input/assets/flags/bj.png"],"packages/intl_phone_number_input/assets/flags/bl.png":["packages/intl_phone_number_input/assets/flags/bl.png"],"packages/intl_phone_number_input/assets/flags/bm.png":["packages/intl_phone_number_input/assets/flags/bm.png"],"packages/intl_phone_number_input/assets/flags/bn.png":["packages/intl_phone_number_input/assets/flags/bn.png"],"packages/intl_phone_number_input/assets/flags/bo.png":["packages/intl_phone_number_input/assets/flags/bo.png"],"packages/intl_phone_number_input/assets/flags/bq.png":["packages/intl_phone_number_input/assets/flags/bq.png"],"packages/intl_phone_number_input/assets/flags/br.png":["packages/intl_phone_number_input/assets/flags/br.png"],"packages/intl_phone_number_input/assets/flags/bs.png":["packages/intl_phone_number_input/assets/flags/bs.png"],"packages/intl_phone_number_input/assets/flags/bt.png":["packages/intl_phone_number_input/assets/flags/bt.png"],"packages/intl_phone_number_input/assets/flags/bv.png":["packages/intl_phone_number_input/assets/flags/bv.png"],"packages/intl_phone_number_input/assets/flags/bw.png":["packages/intl_phone_number_input/assets/flags/bw.png"],"packages/intl_phone_number_input/assets/flags/by.png":["packages/intl_phone_number_input/assets/flags/by.png"],"packages/intl_phone_number_input/assets/flags/bz.png":["packages/intl_phone_number_input/assets/flags/bz.png"],"packages/intl_phone_number_input/assets/flags/ca.png":["packages/intl_phone_number_input/assets/flags/ca.png"],"packages/intl_phone_number_input/assets/flags/cc.png":["packages/intl_phone_number_input/assets/flags/cc.png"],"packages/intl_phone_number_input/assets/flags/cd.png":["packages/intl_phone_number_input/assets/flags/cd.png"],"packages/intl_phone_number_input/assets/flags/cf.png":["packages/intl_phone_number_input/assets/flags/cf.png"],"packages/intl_phone_number_input/assets/flags/cg.png":["packages/intl_phone_number_input/assets/flags/cg.png"],"packages/intl_phone_number_input/assets/flags/ch.png":["packages/intl_phone_number_input/assets/flags/ch.png"],"packages/intl_phone_number_input/assets/flags/ci.png":["packages/intl_phone_number_input/assets/flags/ci.png"],"packages/intl_phone_number_input/assets/flags/ck.png":["packages/intl_phone_number_input/assets/flags/ck.png"],"packages/intl_phone_number_input/assets/flags/cl.png":["packages/intl_phone_number_input/assets/flags/cl.png"],"packages/intl_phone_number_input/assets/flags/cm.png":["packages/intl_phone_number_input/assets/flags/cm.png"],"packages/intl_phone_number_input/assets/flags/cn.png":["packages/intl_phone_number_input/assets/flags/cn.png"],"packages/intl_phone_number_input/assets/flags/co.png":["packages/intl_phone_number_input/assets/flags/co.png"],"packages/intl_phone_number_input/assets/flags/cr.png":["packages/intl_phone_number_input/assets/flags/cr.png"],"packages/intl_phone_number_input/assets/flags/cu.png":["packages/intl_phone_number_input/assets/flags/cu.png"],"packages/intl_phone_number_input/assets/flags/cv.png":["packages/intl_phone_number_input/assets/flags/cv.png"],"packages/intl_phone_number_input/assets/flags/cw.png":["packages/intl_phone_number_input/assets/flags/cw.png"],"packages/intl_phone_number_input/assets/flags/cx.png":["packages/intl_phone_number_input/assets/flags/cx.png"],"packages/intl_phone_number_input/assets/flags/cy.png":["packages/intl_phone_number_input/assets/flags/cy.png"],"packages/intl_phone_number_input/assets/flags/cz.png":["packages/intl_phone_number_input/assets/flags/cz.png"],"packages/intl_phone_number_input/assets/flags/de.png":["packages/intl_phone_number_input/assets/flags/de.png"],"packages/intl_phone_number_input/assets/flags/dj.png":["packages/intl_phone_number_input/assets/flags/dj.png"],"packages/intl_phone_number_input/assets/flags/dk.png":["packages/intl_phone_number_input/assets/flags/dk.png"],"packages/intl_phone_number_input/assets/flags/dm.png":["packages/intl_phone_number_input/assets/flags/dm.png"],"packages/intl_phone_number_input/assets/flags/do.png":["packages/intl_phone_number_input/assets/flags/do.png"],"packages/intl_phone_number_input/assets/flags/dz.png":["packages/intl_phone_number_input/assets/flags/dz.png"],"packages/intl_phone_number_input/assets/flags/ec.png":["packages/intl_phone_number_input/assets/flags/ec.png"],"packages/intl_phone_number_input/assets/flags/ee.png":["packages/intl_phone_number_input/assets/flags/ee.png"],"packages/intl_phone_number_input/assets/flags/eg.png":["packages/intl_phone_number_input/assets/flags/eg.png"],"packages/intl_phone_number_input/assets/flags/eh.png":["packages/intl_phone_number_input/assets/flags/eh.png"],"packages/intl_phone_number_input/assets/flags/er.png":["packages/intl_phone_number_input/assets/flags/er.png"],"packages/intl_phone_number_input/assets/flags/es.png":["packages/intl_phone_number_input/assets/flags/es.png"],"packages/intl_phone_number_input/assets/flags/et.png":["packages/intl_phone_number_input/assets/flags/et.png"],"packages/intl_phone_number_input/assets/flags/eu.png":["packages/intl_phone_number_input/assets/flags/eu.png"],"packages/intl_phone_number_input/assets/flags/fi.png":["packages/intl_phone_number_input/assets/flags/fi.png"],"packages/intl_phone_number_input/assets/flags/fj.png":["packages/intl_phone_number_input/assets/flags/fj.png"],"packages/intl_phone_number_input/assets/flags/fk.png":["packages/intl_phone_number_input/assets/flags/fk.png"],"packages/intl_phone_number_input/assets/flags/fm.png":["packages/intl_phone_number_input/assets/flags/fm.png"],"packages/intl_phone_number_input/assets/flags/fo.png":["packages/intl_phone_number_input/assets/flags/fo.png"],"packages/intl_phone_number_input/assets/flags/fr.png":["packages/intl_phone_number_input/assets/flags/fr.png"],"packages/intl_phone_number_input/assets/flags/ga.png":["packages/intl_phone_number_input/assets/flags/ga.png"],"packages/intl_phone_number_input/assets/flags/gb-eng.png":["packages/intl_phone_number_input/assets/flags/gb-eng.png"],"packages/intl_phone_number_input/assets/flags/gb-nir.png":["packages/intl_phone_number_input/assets/flags/gb-nir.png"],"packages/intl_phone_number_input/assets/flags/gb-sct.png":["packages/intl_phone_number_input/assets/flags/gb-sct.png"],"packages/intl_phone_number_input/assets/flags/gb-wls.png":["packages/intl_phone_number_input/assets/flags/gb-wls.png"],"packages/intl_phone_number_input/assets/flags/gb.png":["packages/intl_phone_number_input/assets/flags/gb.png"],"packages/intl_phone_number_input/assets/flags/gd.png":["packages/intl_phone_number_input/assets/flags/gd.png"],"packages/intl_phone_number_input/assets/flags/ge.png":["packages/intl_phone_number_input/assets/flags/ge.png"],"packages/intl_phone_number_input/assets/flags/gf.png":["packages/intl_phone_number_input/assets/flags/gf.png"],"packages/intl_phone_number_input/assets/flags/gg.png":["packages/intl_phone_number_input/assets/flags/gg.png"],"packages/intl_phone_number_input/assets/flags/gh.png":["packages/intl_phone_number_input/assets/flags/gh.png"],"packages/intl_phone_number_input/assets/flags/gi.png":["packages/intl_phone_number_input/assets/flags/gi.png"],"packages/intl_phone_number_input/assets/flags/gl.png":["packages/intl_phone_number_input/assets/flags/gl.png"],"packages/intl_phone_number_input/assets/flags/gm.png":["packages/intl_phone_number_input/assets/flags/gm.png"],"packages/intl_phone_number_input/assets/flags/gn.png":["packages/intl_phone_number_input/assets/flags/gn.png"],"packages/intl_phone_number_input/assets/flags/gp.png":["packages/intl_phone_number_input/assets/flags/gp.png"],"packages/intl_phone_number_input/assets/flags/gq.png":["packages/intl_phone_number_input/assets/flags/gq.png"],"packages/intl_phone_number_input/assets/flags/gr.png":["packages/intl_phone_number_input/assets/flags/gr.png"],"packages/intl_phone_number_input/assets/flags/gs.png":["packages/intl_phone_number_input/assets/flags/gs.png"],"packages/intl_phone_number_input/assets/flags/gt.png":["packages/intl_phone_number_input/assets/flags/gt.png"],"packages/intl_phone_number_input/assets/flags/gu.png":["packages/intl_phone_number_input/assets/flags/gu.png"],"packages/intl_phone_number_input/assets/flags/gw.png":["packages/intl_phone_number_input/assets/flags/gw.png"],"packages/intl_phone_number_input/assets/flags/gy.png":["packages/intl_phone_number_input/assets/flags/gy.png"],"packages/intl_phone_number_input/assets/flags/hk.png":["packages/intl_phone_number_input/assets/flags/hk.png"],"packages/intl_phone_number_input/assets/flags/hm.png":["packages/intl_phone_number_input/assets/flags/hm.png"],"packages/intl_phone_number_input/assets/flags/hn.png":["packages/intl_phone_number_input/assets/flags/hn.png"],"packages/intl_phone_number_input/assets/flags/hr.png":["packages/intl_phone_number_input/assets/flags/hr.png"],"packages/intl_phone_number_input/assets/flags/ht.png":["packages/intl_phone_number_input/assets/flags/ht.png"],"packages/intl_phone_number_input/assets/flags/hu.png":["packages/intl_phone_number_input/assets/flags/hu.png"],"packages/intl_phone_number_input/assets/flags/id.png":["packages/intl_phone_number_input/assets/flags/id.png"],"packages/intl_phone_number_input/assets/flags/ie.png":["packages/intl_phone_number_input/assets/flags/ie.png"],"packages/intl_phone_number_input/assets/flags/il.png":["packages/intl_phone_number_input/assets/flags/il.png"],"packages/intl_phone_number_input/assets/flags/im.png":["packages/intl_phone_number_input/assets/flags/im.png"],"packages/intl_phone_number_input/assets/flags/in.png":["packages/intl_phone_number_input/assets/flags/in.png"],"packages/intl_phone_number_input/assets/flags/io.png":["packages/intl_phone_number_input/assets/flags/io.png"],"packages/intl_phone_number_input/assets/flags/iq.png":["packages/intl_phone_number_input/assets/flags/iq.png"],"packages/intl_phone_number_input/assets/flags/ir.png":["packages/intl_phone_number_input/assets/flags/ir.png"],"packages/intl_phone_number_input/assets/flags/is.png":["packages/intl_phone_number_input/assets/flags/is.png"],"packages/intl_phone_number_input/assets/flags/it.png":["packages/intl_phone_number_input/assets/flags/it.png"],"packages/intl_phone_number_input/assets/flags/je.png":["packages/intl_phone_number_input/assets/flags/je.png"],"packages/intl_phone_number_input/assets/flags/jm.png":["packages/intl_phone_number_input/assets/flags/jm.png"],"packages/intl_phone_number_input/assets/flags/jo.png":["packages/intl_phone_number_input/assets/flags/jo.png"],"packages/intl_phone_number_input/assets/flags/jp.png":["packages/intl_phone_number_input/assets/flags/jp.png"],"packages/intl_phone_number_input/assets/flags/ke.png":["packages/intl_phone_number_input/assets/flags/ke.png"],"packages/intl_phone_number_input/assets/flags/kg.png":["packages/intl_phone_number_input/assets/flags/kg.png"],"packages/intl_phone_number_input/assets/flags/kh.png":["packages/intl_phone_number_input/assets/flags/kh.png"],"packages/intl_phone_number_input/assets/flags/ki.png":["packages/intl_phone_number_input/assets/flags/ki.png"],"packages/intl_phone_number_input/assets/flags/km.png":["packages/intl_phone_number_input/assets/flags/km.png"],"packages/intl_phone_number_input/assets/flags/kn.png":["packages/intl_phone_number_input/assets/flags/kn.png"],"packages/intl_phone_number_input/assets/flags/kp.png":["packages/intl_phone_number_input/assets/flags/kp.png"],"packages/intl_phone_number_input/assets/flags/kr.png":["packages/intl_phone_number_input/assets/flags/kr.png"],"packages/intl_phone_number_input/assets/flags/kw.png":["packages/intl_phone_number_input/assets/flags/kw.png"],"packages/intl_phone_number_input/assets/flags/ky.png":["packages/intl_phone_number_input/assets/flags/ky.png"],"packages/intl_phone_number_input/assets/flags/kz.png":["packages/intl_phone_number_input/assets/flags/kz.png"],"packages/intl_phone_number_input/assets/flags/la.png":["packages/intl_phone_number_input/assets/flags/la.png"],"packages/intl_phone_number_input/assets/flags/lb.png":["packages/intl_phone_number_input/assets/flags/lb.png"],"packages/intl_phone_number_input/assets/flags/lc.png":["packages/intl_phone_number_input/assets/flags/lc.png"],"packages/intl_phone_number_input/assets/flags/li.png":["packages/intl_phone_number_input/assets/flags/li.png"],"packages/intl_phone_number_input/assets/flags/lk.png":["packages/intl_phone_number_input/assets/flags/lk.png"],"packages/intl_phone_number_input/assets/flags/lr.png":["packages/intl_phone_number_input/assets/flags/lr.png"],"packages/intl_phone_number_input/assets/flags/ls.png":["packages/intl_phone_number_input/assets/flags/ls.png"],"packages/intl_phone_number_input/assets/flags/lt.png":["packages/intl_phone_number_input/assets/flags/lt.png"],"packages/intl_phone_number_input/assets/flags/lu.png":["packages/intl_phone_number_input/assets/flags/lu.png"],"packages/intl_phone_number_input/assets/flags/lv.png":["packages/intl_phone_number_input/assets/flags/lv.png"],"packages/intl_phone_number_input/assets/flags/ly.png":["packages/intl_phone_number_input/assets/flags/ly.png"],"packages/intl_phone_number_input/assets/flags/ma.png":["packages/intl_phone_number_input/assets/flags/ma.png"],"packages/intl_phone_number_input/assets/flags/mc.png":["packages/intl_phone_number_input/assets/flags/mc.png"],"packages/intl_phone_number_input/assets/flags/md.png":["packages/intl_phone_number_input/assets/flags/md.png"],"packages/intl_phone_number_input/assets/flags/me.png":["packages/intl_phone_number_input/assets/flags/me.png"],"packages/intl_phone_number_input/assets/flags/mf.png":["packages/intl_phone_number_input/assets/flags/mf.png"],"packages/intl_phone_number_input/assets/flags/mg.png":["packages/intl_phone_number_input/assets/flags/mg.png"],"packages/intl_phone_number_input/assets/flags/mh.png":["packages/intl_phone_number_input/assets/flags/mh.png"],"packages/intl_phone_number_input/assets/flags/mk.png":["packages/intl_phone_number_input/assets/flags/mk.png"],"packages/intl_phone_number_input/assets/flags/ml.png":["packages/intl_phone_number_input/assets/flags/ml.png"],"packages/intl_phone_number_input/assets/flags/mm.png":["packages/intl_phone_number_input/assets/flags/mm.png"],"packages/intl_phone_number_input/assets/flags/mn.png":["packages/intl_phone_number_input/assets/flags/mn.png"],"packages/intl_phone_number_input/assets/flags/mo.png":["packages/intl_phone_number_input/assets/flags/mo.png"],"packages/intl_phone_number_input/assets/flags/mp.png":["packages/intl_phone_number_input/assets/flags/mp.png"],"packages/intl_phone_number_input/assets/flags/mq.png":["packages/intl_phone_number_input/assets/flags/mq.png"],"packages/intl_phone_number_input/assets/flags/mr.png":["packages/intl_phone_number_input/assets/flags/mr.png"],"packages/intl_phone_number_input/assets/flags/ms.png":["packages/intl_phone_number_input/assets/flags/ms.png"],"packages/intl_phone_number_input/assets/flags/mt.png":["packages/intl_phone_number_input/assets/flags/mt.png"],"packages/intl_phone_number_input/assets/flags/mu.png":["packages/intl_phone_number_input/assets/flags/mu.png"],"packages/intl_phone_number_input/assets/flags/mv.png":["packages/intl_phone_number_input/assets/flags/mv.png"],"packages/intl_phone_number_input/assets/flags/mw.png":["packages/intl_phone_number_input/assets/flags/mw.png"],"packages/intl_phone_number_input/assets/flags/mx.png":["packages/intl_phone_number_input/assets/flags/mx.png"],"packages/intl_phone_number_input/assets/flags/my.png":["packages/intl_phone_number_input/assets/flags/my.png"],"packages/intl_phone_number_input/assets/flags/mz.png":["packages/intl_phone_number_input/assets/flags/mz.png"],"packages/intl_phone_number_input/assets/flags/na.png":["packages/intl_phone_number_input/assets/flags/na.png"],"packages/intl_phone_number_input/assets/flags/nc.png":["packages/intl_phone_number_input/assets/flags/nc.png"],"packages/intl_phone_number_input/assets/flags/ne.png":["packages/intl_phone_number_input/assets/flags/ne.png"],"packages/intl_phone_number_input/assets/flags/nf.png":["packages/intl_phone_number_input/assets/flags/nf.png"],"packages/intl_phone_number_input/assets/flags/ng.png":["packages/intl_phone_number_input/assets/flags/ng.png"],"packages/intl_phone_number_input/assets/flags/ni.png":["packages/intl_phone_number_input/assets/flags/ni.png"],"packages/intl_phone_number_input/assets/flags/nl.png":["packages/intl_phone_number_input/assets/flags/nl.png"],"packages/intl_phone_number_input/assets/flags/no.png":["packages/intl_phone_number_input/assets/flags/no.png"],"packages/intl_phone_number_input/assets/flags/np.png":["packages/intl_phone_number_input/assets/flags/np.png"],"packages/intl_phone_number_input/assets/flags/nr.png":["packages/intl_phone_number_input/assets/flags/nr.png"],"packages/intl_phone_number_input/assets/flags/nu.png":["packages/intl_phone_number_input/assets/flags/nu.png"],"packages/intl_phone_number_input/assets/flags/nz.png":["packages/intl_phone_number_input/assets/flags/nz.png"],"packages/intl_phone_number_input/assets/flags/om.png":["packages/intl_phone_number_input/assets/flags/om.png"],"packages/intl_phone_number_input/assets/flags/pa.png":["packages/intl_phone_number_input/assets/flags/pa.png"],"packages/intl_phone_number_input/assets/flags/pe.png":["packages/intl_phone_number_input/assets/flags/pe.png"],"packages/intl_phone_number_input/assets/flags/pf.png":["packages/intl_phone_number_input/assets/flags/pf.png"],"packages/intl_phone_number_input/assets/flags/pg.png":["packages/intl_phone_number_input/assets/flags/pg.png"],"packages/intl_phone_number_input/assets/flags/ph.png":["packages/intl_phone_number_input/assets/flags/ph.png"],"packages/intl_phone_number_input/assets/flags/pk.png":["packages/intl_phone_number_input/assets/flags/pk.png"],"packages/intl_phone_number_input/assets/flags/pl.png":["packages/intl_phone_number_input/assets/flags/pl.png"],"packages/intl_phone_number_input/assets/flags/pm.png":["packages/intl_phone_number_input/assets/flags/pm.png"],"packages/intl_phone_number_input/assets/flags/pn.png":["packages/intl_phone_number_input/assets/flags/pn.png"],"packages/intl_phone_number_input/assets/flags/pr.png":["packages/intl_phone_number_input/assets/flags/pr.png"],"packages/intl_phone_number_input/assets/flags/ps.png":["packages/intl_phone_number_input/assets/flags/ps.png"],"packages/intl_phone_number_input/assets/flags/pt.png":["packages/intl_phone_number_input/assets/flags/pt.png"],"packages/intl_phone_number_input/assets/flags/pw.png":["packages/intl_phone_number_input/assets/flags/pw.png"],"packages/intl_phone_number_input/assets/flags/py.png":["packages/intl_phone_number_input/assets/flags/py.png"],"packages/intl_phone_number_input/assets/flags/qa.png":["packages/intl_phone_number_input/assets/flags/qa.png"],"packages/intl_phone_number_input/assets/flags/re.png":["packages/intl_phone_number_input/assets/flags/re.png"],"packages/intl_phone_number_input/assets/flags/ro.png":["packages/intl_phone_number_input/assets/flags/ro.png"],"packages/intl_phone_number_input/assets/flags/rs.png":["packages/intl_phone_number_input/assets/flags/rs.png"],"packages/intl_phone_number_input/assets/flags/ru.png":["packages/intl_phone_number_input/assets/flags/ru.png"],"packages/intl_phone_number_input/assets/flags/rw.png":["packages/intl_phone_number_input/assets/flags/rw.png"],"packages/intl_phone_number_input/assets/flags/sa.png":["packages/intl_phone_number_input/assets/flags/sa.png"],"packages/intl_phone_number_input/assets/flags/sb.png":["packages/intl_phone_number_input/assets/flags/sb.png"],"packages/intl_phone_number_input/assets/flags/sc.png":["packages/intl_phone_number_input/assets/flags/sc.png"],"packages/intl_phone_number_input/assets/flags/sd.png":["packages/intl_phone_number_input/assets/flags/sd.png"],"packages/intl_phone_number_input/assets/flags/se.png":["packages/intl_phone_number_input/assets/flags/se.png"],"packages/intl_phone_number_input/assets/flags/sg.png":["packages/intl_phone_number_input/assets/flags/sg.png"],"packages/intl_phone_number_input/assets/flags/sh.png":["packages/intl_phone_number_input/assets/flags/sh.png"],"packages/intl_phone_number_input/assets/flags/si.png":["packages/intl_phone_number_input/assets/flags/si.png"],"packages/intl_phone_number_input/assets/flags/sj.png":["packages/intl_phone_number_input/assets/flags/sj.png"],"packages/intl_phone_number_input/assets/flags/sk.png":["packages/intl_phone_number_input/assets/flags/sk.png"],"packages/intl_phone_number_input/assets/flags/sl.png":["packages/intl_phone_number_input/assets/flags/sl.png"],"packages/intl_phone_number_input/assets/flags/sm.png":["packages/intl_phone_number_input/assets/flags/sm.png"],"packages/intl_phone_number_input/assets/flags/sn.png":["packages/intl_phone_number_input/assets/flags/sn.png"],"packages/intl_phone_number_input/assets/flags/so.png":["packages/intl_phone_number_input/assets/flags/so.png"],"packages/intl_phone_number_input/assets/flags/sr.png":["packages/intl_phone_number_input/assets/flags/sr.png"],"packages/intl_phone_number_input/assets/flags/ss.png":["packages/intl_phone_number_input/assets/flags/ss.png"],"packages/intl_phone_number_input/assets/flags/st.png":["packages/intl_phone_number_input/assets/flags/st.png"],"packages/intl_phone_number_input/assets/flags/sv.png":["packages/intl_phone_number_input/assets/flags/sv.png"],"packages/intl_phone_number_input/assets/flags/sx.png":["packages/intl_phone_number_input/assets/flags/sx.png"],"packages/intl_phone_number_input/assets/flags/sy.png":["packages/intl_phone_number_input/assets/flags/sy.png"],"packages/intl_phone_number_input/assets/flags/sz.png":["packages/intl_phone_number_input/assets/flags/sz.png"],"packages/intl_phone_number_input/assets/flags/tc.png":["packages/intl_phone_number_input/assets/flags/tc.png"],"packages/intl_phone_number_input/assets/flags/td.png":["packages/intl_phone_number_input/assets/flags/td.png"],"packages/intl_phone_number_input/assets/flags/tf.png":["packages/intl_phone_number_input/assets/flags/tf.png"],"packages/intl_phone_number_input/assets/flags/tg.png":["packages/intl_phone_number_input/assets/flags/tg.png"],"packages/intl_phone_number_input/assets/flags/th.png":["packages/intl_phone_number_input/assets/flags/th.png"],"packages/intl_phone_number_input/assets/flags/tj.png":["packages/intl_phone_number_input/assets/flags/tj.png"],"packages/intl_phone_number_input/assets/flags/tk.png":["packages/intl_phone_number_input/assets/flags/tk.png"],"packages/intl_phone_number_input/assets/flags/tl.png":["packages/intl_phone_number_input/assets/flags/tl.png"],"packages/intl_phone_number_input/assets/flags/tm.png":["packages/intl_phone_number_input/assets/flags/tm.png"],"packages/intl_phone_number_input/assets/flags/tn.png":["packages/intl_phone_number_input/assets/flags/tn.png"],"packages/intl_phone_number_input/assets/flags/to.png":["packages/intl_phone_number_input/assets/flags/to.png"],"packages/intl_phone_number_input/assets/flags/tr.png":["packages/intl_phone_number_input/assets/flags/tr.png"],"packages/intl_phone_number_input/assets/flags/tt.png":["packages/intl_phone_number_input/assets/flags/tt.png"],"packages/intl_phone_number_input/assets/flags/tv.png":["packages/intl_phone_number_input/assets/flags/tv.png"],"packages/intl_phone_number_input/assets/flags/tw.png":["packages/intl_phone_number_input/assets/flags/tw.png"],"packages/intl_phone_number_input/assets/flags/tz.png":["packages/intl_phone_number_input/assets/flags/tz.png"],"packages/intl_phone_number_input/assets/flags/ua.png":["packages/intl_phone_number_input/assets/flags/ua.png"],"packages/intl_phone_number_input/assets/flags/ug.png":["packages/intl_phone_number_input/assets/flags/ug.png"],"packages/intl_phone_number_input/assets/flags/um.png":["packages/intl_phone_number_input/assets/flags/um.png"],"packages/intl_phone_number_input/assets/flags/us.png":["packages/intl_phone_number_input/assets/flags/us.png"],"packages/intl_phone_number_input/assets/flags/uy.png":["packages/intl_phone_number_input/assets/flags/uy.png"],"packages/intl_phone_number_input/assets/flags/uz.png":["packages/intl_phone_number_input/assets/flags/uz.png"],"packages/intl_phone_number_input/assets/flags/va.png":["packages/intl_phone_number_input/assets/flags/va.png"],"packages/intl_phone_number_input/assets/flags/vc.png":["packages/intl_phone_number_input/assets/flags/vc.png"],"packages/intl_phone_number_input/assets/flags/ve.png":["packages/intl_phone_number_input/assets/flags/ve.png"],"packages/intl_phone_number_input/assets/flags/vg.png":["packages/intl_phone_number_input/assets/flags/vg.png"],"packages/intl_phone_number_input/assets/flags/vi.png":["packages/intl_phone_number_input/assets/flags/vi.png"],"packages/intl_phone_number_input/assets/flags/vn.png":["packages/intl_phone_number_input/assets/flags/vn.png"],"packages/intl_phone_number_input/assets/flags/vu.png":["packages/intl_phone_number_input/assets/flags/vu.png"],"packages/intl_phone_number_input/assets/flags/wf.png":["packages/intl_phone_number_input/assets/flags/wf.png"],"packages/intl_phone_number_input/assets/flags/ws.png":["packages/intl_phone_number_input/assets/flags/ws.png"],"packages/intl_phone_number_input/assets/flags/xk.png":["packages/intl_phone_number_input/assets/flags/xk.png"],"packages/intl_phone_number_input/assets/flags/ye.png":["packages/intl_phone_number_input/assets/flags/ye.png"],"packages/intl_phone_number_input/assets/flags/yt.png":["packages/intl_phone_number_input/assets/flags/yt.png"],"packages/intl_phone_number_input/assets/flags/za.png":["packages/intl_phone_number_input/assets/flags/za.png"],"packages/intl_phone_number_input/assets/flags/zm.png":["packages/intl_phone_number_input/assets/flags/zm.png"],"packages/intl_phone_number_input/assets/flags/zw.png":["packages/intl_phone_number_input/assets/flags/zw.png"],"packages/libphonenumber_plugin/assets/js/libphonenumber.js":["packages/libphonenumber_plugin/assets/js/libphonenumber.js"],"packages/libphonenumber_plugin/assets/js/stringbuffer.js":["packages/libphonenumber_plugin/assets/js/stringbuffer.js"],"packages/libphonenumber_plugin/js/libphonenumber.js":["packages/libphonenumber_plugin/js/libphonenumber.js"],"packages/libphonenumber_plugin/js/stringbuffer.js":["packages/libphonenumber_plugin/js/stringbuffer.js"]}