[{"family":"MaterialIcons","fonts":[{"asset":"fonts/MaterialIcons-Regular.otf"}]},{"family":"poppins","fonts":[{"asset":"fonts/poppinsregular.ttf"},{"asset":"fonts/poppinslight.ttf"},{"asset":"fonts/poppinsmedium.ttf"},{"asset":"fonts/poppinsthin.ttf"},{"asset":"fonts/poppinssemibold.ttf"},{"asset":"fonts/poppinsbold.ttf"},{"asset":"fonts/poppinsextrabold.ttf"}]},{"family":"Montserrat","fonts":[{"asset":"fonts/montserrat/Montserrat-Regular.ttf"},{"weight":700,"asset":"fonts/montserrat/Montserrat-Bold.ttf"},{"weight":600,"asset":"fonts/montserrat/Montserrat-SemiBold.ttf"},{"weight":500,"asset":"fonts/montserrat/Montserrat-Medium.ttf"},{"weight":300,"asset":"fonts/montserrat/Montserrat-Light.ttf"}]},{"family":"packages/cupertino_icons/CupertinoIcons","fonts":[{"asset":"packages/cupertino_icons/assets/CupertinoIcons.ttf"}]}]